<?xml version="1.0" encoding="UTF-8" standalone="no"?>
<?xml-stylesheet type="text/xsl" href="configuration.xsl"?>
<configuration>
        <property>
                <name>javax.jdo.option.ConnectionURL</name>
                <value>jdbc:mysql://localhost:3306/metastore?createDatabaseIfNotExist=true&amp;useSSL=false&amp;characterEncoding=UTF-8&amp;serverTimezone=UTC</value>
        </property>
        <property>
                <name>javax.jdo.option.ConnectionDriverName</name>
                <value>com.mysql.jdbc.Driver</value>
        </property>
        <property>
                <name>javax.jdo.option.ConnectionUserName</name>
                <value>hiveuser</value>
        </property>
        <property>
                <name>javax.jdo.option.ConnectionPassword</name>
                <value>1234</value>
        </property>
        <property>
                <name>hive.metastore.schema.verfication</name>
                <value>false</value>
        </property>

        <!-- HiveServer2 -->
        <property>
                <name>hadoop.proxyuser.ubuntu.hosts</name>
                <value>*</value>
        </property>
        <property>
                <name>hadoop.proxyuser.ubuntu.groups</name>
                <value>*</value>
        </property>

        <property>
                <name>hive.server2.enable.doAs</name>
                <value>false</value>
        </property>
        <property>
                <name>hive.server2.authentication</name>
                <value>NONE</value>
	</property>

	<!-- Tez -->
	<property>
                <name>tez.lib.uris</name>
                <value>/user/tez</value>
        </property>

</configuration>
