{
  "authInfo": {
    "2EW19CSPA": {
      "readers": [],
      "owners": [],
      "writers": [],
      "runners": []
    },
    "2EYDJKFFY": {
      "readers": [],
      "owners": [],
      "writers": [],
      "runners": []
    },
    "2F7SKEHPA": {
      "readers": [],
      "owners": [],
      "writers": [],
      "runners": []
    },
    "2EZ66TM57": {
      "readers": [],
      "owners": [],
      "writers": [],
      "runners": []
    },
    "2EZFM3GJA": {
      "readers": [],
      "owners": [],
      "writers": [],
      "runners": []
    },
    "2EZ9G3JJU": {
      "readers": [],
      "owners": [],
      "writers": [],
      "runners": []
    },
    "2BWJFTXKJ": {
      "readers": [],
      "owners": [],
      "writers": [],
      "runners": []
    },
    "2BWJFTXKM": {
      "readers": [],
      "owners": [],
      "writers": [],
      "runners": []
    },
    "2C2AUG798": {
      "readers": [],
      "owners": [],
      "writers": [],
      "runners": []
    },
    "2F2YS7PCE": {
      "readers": [],
      "owners": [],
      "writers": [],
      "runners": []
    },
    "2BYEZ5EVK": {
      "readers": [],
      "owners": [],
      "writers": [],
      "runners": []
    },
    "2GB9HRSH9": {
      "readers": [],
      "owners": [],
      "writers": [],
      "runners": []
    },
    "2HA3RJW5N": {
      "readers": [],
      "owners": [],
      "writers": [],
      "runners": []
    },
    "2F8KN6TKK": {
      "readers": [],
      "owners": [],
      "writers": [],
      "runners": []
    },
    "2EYT7Q6R8": {
      "readers": [],
      "owners": [],
      "writers": [],
      "runners": []
    },
    "2C57UKYWR": {
      "readers": [],
      "owners": [],
      "writers": [],
      "runners": []
    },
    "2EYD56B9B": {
      "readers": [],
      "owners": [],
      "writers": [],
      "runners": []
    },
    "2F4HJNWVN": {
      "readers": [],
      "owners": [],
      "writers": [],
      "runners": []
    },
    "2F5RKHCDV": {
      "readers": [],
      "owners": [],
      "writers": [],
      "runners": []
    },
    "2F8VDBMMT": {
      "readers": [],
      "owners": [],
      "writers": [],
      "runners": []
    },
    "2F2AVWJ77": {
      "readers": [],
      "owners": [],
      "writers": [],
      "runners": []
    },
    "2EWM84JXA": {
      "readers": [],
      "owners": [],
      "writers": [],
      "runners": []
    },
    "2F1S9ZY8Z": {
      "readers": [],
      "owners": [],
      "writers": [],
      "runners": []
    },
    "2HB472CT2": {
      "readers": [],
      "owners": [],
      "writers": [],
      "runners": []
    },
    "2F1CHQ4TT": {
      "readers": [],
      "owners": [],
      "writers": [],
      "runners": []
    },
    "2GE79Y5FV": {
      "readers": [],
      "owners": [],
      "writers": [],
      "runners": []
    },
    "2A94M5J1Z": {
      "readers": [],
      "owners": [],
      "writers": [],
      "runners": []
    },
    "2EYUV26VR": {
      "readers": [],
      "owners": [],
      "writers": [],
      "runners": []
    }
  }
}